insert into docente(idAcademico, numTrabajador, rfc, cedProfesional, esActivo, nombre, paterno, materno, fechaNacimiento, nombreArchivoFoto, correo, celular, tipoContrato, pagoContrato, sueldoMensual) values(1, 1000, 'VEPY0983467K7', '39593551', true, 'Deina Szymoni', 'Szymoni', 'Deina', '1986/09/21', 'odfchuna.jpg', 'dszymoni0@netscape.com', '42-4602-5409', 'honorarios', 2759.76, 0);
insert into docente(idAcademico, numTrabajador, rfc, cedProfesional, esActivo, nombre, paterno, materno, fechaNacimiento, nombreArchivofoto, correo, celular, tipoContrato, pagoContrato, sueldoMensual) values (2, 1001, 'ZYXM2329289H3', '63480791', true, 'Dulcea Greatbach', 'Greatbach', 'Dulcea', '1969/01/12', 'anoum22.jpg', 'dgreatbach0@yandex.ru', '79-3799-4023', 'contrato', 0, 5486.23);
insert into docente(idAcademico, numTrabajador, rfc, cedProfesional, esActivo, nombre, paterno, materno, fechaNacimiento, nombreArchivofoto, correo, celular, tipoContrato, pagoContrato, sueldoMensual) values (3, 1002, 'VPHP6739722W2', '41450497', false, 'Armand Scranny', 'Scranny', 'Armand', '1982/02/15', 'peuio41.jpg', 'ascranny1@ihg.com', '50-3376-8672', 'honorarios', 2193.59, 0);
insert into docente(idAcademico, numTrabajador, rfc, cedProfesional, esActivo, nombre, paterno, materno, fechaNacimiento, nombreArchivofoto, correo, celular, tipoContrato, pagoContrato, sueldoMensual) values (4, 1003, 'JVAV2850867C3', '66521746', false, 'Arliene Sired', 'Sired', 'Arliene', '1989/11/08', 'pmrad57.jpg', 'asired2@samsung.com', '01-3978-3111', 'contrato', 0, 1668.78);
insert into docente(idAcademico, numTrabajador, rfc, cedProfesional, esActivo, nombre, paterno, materno, fechaNacimiento, nombreArchivofoto, correo, celular, tipoContrato, pagoContrato, sueldoMensual) values (5, 1004, 'CUOO2686077X0', '15277728', false, 'Sholom Whiles', 'Whiles', 'Sholom', '1965/05/12', 'rbiew39.jpg', 'swhiles3@mashable.com', '58-9792-0186', 'honorarios', 1464.40, 0);
insert into docente(idAcademico, numTrabajador, rfc, cedProfesional, esActivo, nombre, paterno, materno, fechaNacimiento, nombreArchivofoto, correo, celular, tipoContrato, pagoContrato, sueldoMensual) values (6, 1005, 'GJEK1863014F5', '61402730', false, 'Tonie Coxall', 'Coxall', 'Tonie', '1983/09/11', 'apptj67.jpg', 'tcoxall4@dot.gov', '34-2004-8785', 'honorarios', 5817.69, 0);
insert into docente(idAcademico, numTrabajador, rfc, cedProfesional, esActivo, nombre, paterno, materno, fechaNacimiento, nombreArchivofoto, correo, celular, tipoContrato, pagoContrato, sueldoMensual) values (7, 1006, 'OPGO4568946K4', '06904022', false, 'Bing Stitcher', 'Stitcher', 'Bing', '1960/09/02', 'hbrtz95.jpg', 'bstitcher5@ucla.edu', '48-2623-5555', 'contrato', 0, 1447.13);
insert into docente(idAcademico, numTrabajador, rfc, cedProfesional, esActivo, nombre, paterno, materno, fechaNacimiento, nombreArchivofoto, correo, celular, tipoContrato, pagoContrato, sueldoMensual) values (8, 1007, 'ZUDJ0394432B7', '42678189', false, 'Carlie Janda', 'Janda', 'Carlie', '1989/07/30', 'hyaek41.jpg', 'cjanda6@cisco.com', '07-3008-8934', 'honorarios', 1261.98, 0);
insert into docente(idAcademico, numTrabajador, rfc, cedProfesional, esActivo, nombre, paterno, materno, fechaNacimiento, nombreArchivofoto, correo, celular, tipoContrato, pagoContrato, sueldoMensual) values (9, 1008, 'MODN2031756G1', '06809460', true, 'Marne Hutcheons', 'Hutcheons', 'Marne', '1971/05/25', 'jnvts77.jpg', 'mhutcheons7@telegraph.co.uk', '90-6105-9708', 'honorarios', 1781.85, 0);
insert into docente(idAcademico, numTrabajador, rfc, cedProfesional, esActivo, nombre, paterno, materno, fechaNacimiento, nombreArchivofoto, correo, celular, tipoContrato, pagoContrato, sueldoMensual) values (10, 1009, 'LUON8607816E3', '15872602', true, 'Jule Ovize', 'Ovize', 'Jule', '1983/05/02', 'jqwpo55.jpg', 'jovize8@ihg.com', '17-2162-9201', 'honorarios', 5365.45, 0);
insert into docente(idAcademico, numTrabajador, rfc, cedProfesional, esActivo, nombre, paterno, materno, fechaNacimiento, nombreArchivofoto, correo, celular, tipoContrato, pagoContrato, sueldoMensual) values (11, 1010, 'AKWK8283913M5', '11106465', true, 'Elinor Simion', 'Simion', 'Elinor', '1987/10/10', 'ytfdf61.jpg', 'esimion9@cloudflare.com', '54-6722-9665', 'contrato', 0, 5990.20);
insert into docente(idAcademico, numTrabajador, rfc, cedProfesional, esActivo, nombre, paterno, materno, fechaNacimiento, nombreArchivofoto, correo, celular, tipoContrato, pagoContrato, sueldoMensual) values (12, 1011, 'ZXZR2634370S0', '52564152', true, 'Daniel Reading', 'Reading', 'Daniel', '1985/04/16', 'flrat32.jpg', 'dreadinga@amazonaws.com', '85-7722-7307', 'contrato', 0, 1400.37);
insert into docente(idAcademico, numTrabajador, rfc, cedProfesional, esActivo, nombre, paterno, materno, fechaNacimiento, nombreArchivofoto, correo, celular, tipoContrato, pagoContrato, sueldoMensual) values (13, 1012, 'EELP8401222U2', '66336280', false, 'Kevyn Houlridge', 'Houlridge', 'Kevyn', '1967/02/22', 'yinsc77.jpg', 'khoulridgeb@sohu.com', '75-5773-5918', 'contrato', 0, 6333.16);
insert into docente(idAcademico, numTrabajador, rfc, cedProfesional, esActivo, nombre, paterno, materno, fechaNacimiento, nombreArchivofoto, correo, celular, tipoContrato, pagoContrato, sueldoMensual) values (14, 1013, 'CWBJ6905336C6', '10941409', true, 'Abba McNeillie', 'McNeillie', 'Abba', '1997/04/08', 'krrug34.jpg', 'amcneilliec@freewebs.com', '26-5228-6588', 'contrato', 0, 1949.29);
insert into docente(idAcademico, numTrabajador, rfc, cedProfesional, esActivo, nombre, paterno, materno, fechaNacimiento, nombreArchivofoto, correo, celular, tipoContrato, pagoContrato, sueldoMensual) values (15, 1014, 'NYEZ3774409A9', '44259575', true, 'Ervin Ilsley', 'Ilsley', 'Ervin', '1966/01/09', 'ojgvo95.jpg', 'eilsleyd@stanford.edu', '61-2543-0855', 'honorarios', 6686.33, 0);
insert into docente(idAcademico, numTrabajador, rfc, cedProfesional, esActivo, nombre, paterno, materno, fechaNacimiento, nombreArchivofoto, correo, celular, tipoContrato, pagoContrato, sueldoMensual) values (16, 1015, 'GJZI8809675B8', '22723067', true, 'Vonni Gricks', 'Gricks', 'Vonni', '1975/05/28', 'kehcy32.jpg', 'vgrickse@wufoo.com', '96-4975-8021', 'contrato', 0, 4599.74);
insert into docente(idAcademico, numTrabajador, rfc, cedProfesional, esActivo, nombre, paterno, materno, fechaNacimiento, nombreArchivofoto, correo, celular, tipoContrato, pagoContrato, sueldoMensual) values (17, 1016, 'VCLH6850761A9', '28238872', true, 'Montague Robertet', 'Robertet', 'Montague', '1999/01/18', 'kenjc80.jpg', 'mrobertetf@mediafire.com', '62-1883-9371', 'contrato', 0, 2760.21);
insert into docente(idAcademico, numTrabajador, rfc, cedProfesional, esActivo, nombre, paterno, materno, fechaNacimiento, nombreArchivofoto, correo, celular, tipoContrato, pagoContrato, sueldoMensual) values (18, 1017, 'BIJL8781849W3', '75177234', true, 'Lavena Duce', 'Duce', 'Lavena', '1967/06/24', 'nxbow39.jpg', 'lduceg@constantcontact.com', '76-6986-1191', 'honorarios', 4596.10, 0);
insert into docente(idAcademico, numTrabajador, rfc, cedProfesional, esActivo, nombre, paterno, materno, fechaNacimiento, nombreArchivofoto, correo, celular, tipoContrato, pagoContrato, sueldoMensual) values (19, 1018, 'VKCN2863595I7', '38298076', false, 'Leesa Lunny', 'Lunny', 'Leesa', '1988/10/24', 'ktlqo54.jpg', 'llunnyh@go.com', '76-8721-8376', 'honorarios', 6425.55, 0);
insert into docente(idAcademico, numTrabajador, rfc, cedProfesional, esActivo, nombre, paterno, materno, fechaNacimiento, nombreArchivofoto, correo, celular, tipoContrato, pagoContrato, sueldoMensual) values (20, 1019, 'MBGL8004825O6', '03056748', true, 'Mariann Ridings', 'Ridings', 'Mariann', '1972/03/02', 'xphsb12.jpg', 'mridingsi@lulu.com', '03-7981-8776', 'honorarios', 1715.14, 0);

insert into escuela(razonSocial, tipo, nivel, estado, municipio, calle, numero, cp, telefonoContacto) values('Masonite International Corporation', 'privada', 'superior', 'Texas', 'Dallas', 'Waubesa', '7647', '05490', '58-7501-2597');
insert into escuela(razonSocial, tipo, nivel, estado, municipio, calle, numero, cp, telefonoContacto) values('Cornerstone OnDemand, Inc.', 'publica', 'primaria', 'Nevada', 'Henderson', 'Waxwing', '154', '63011', '27-9852-4819');
insert into escuela(razonSocial, tipo, nivel, estado, municipio, calle, numero, cp, telefonoContacto) values('Dorian LPG Ltd.', 'publica', 'secundaria', 'Kansas', 'Topeka', 'Rusk', '825', '92368', '27-4624-4905');
insert into escuela(razonSocial, tipo, nivel, estado, municipio, calle, numero, cp, telefonoContacto) values('SeaSpine Holdings Corporation', 'privada', 'primaria', 'Virginia', 'Norfolk', 'Mifflin', '3', '83905', '53-4940-3143');
insert into escuela(razonSocial, tipo, nivel, estado, municipio, calle, numero, cp, telefonoContacto) values('VTTI Energy Partners LP', 'privada', 'media superior', 'Illinois', 'East Saint Louis', 'Dennis', '26971', '48270', '11-1898-9891');
insert into escuela(razonSocial, tipo, nivel, estado, municipio, calle, numero, cp, telefonoContacto) values('Citrix Systems, Inc.', 'publica', 'media superior', 'New York', 'Brooklyn', 'Welch', '2459', '96795', '49-9264-9234');
insert into escuela(razonSocial, tipo, nivel, estado, municipio, calle, numero, cp, telefonoContacto) values('Principal Real Estate Income Fund', 'privada', 'preescolar', 'Texas', 'Amarillo', 'Shopko', '3813', '89583', '39-9857-2337');
insert into escuela(razonSocial, tipo, nivel, estado, municipio, calle, numero, cp, telefonoContacto) values('iShares MSCI USA ESG Optimized ETF', 'publica', 'preescolar', 'Texas', 'Houston', 'Northridge', '58844', '90004', '11-1565-3991');
insert into escuela(razonSocial, tipo, nivel, estado, municipio, calle, numero, cp, telefonoContacto) values('Vonage Holdings Corp.', 'privada', 'secundaria', 'Tennessee', 'Memphis', 'Fair Oaks', '4778', '63844', '99-8237-9554');
insert into escuela(razonSocial, tipo, nivel, estado, municipio, calle, numero, cp, telefonoContacto) values('Torchmark Corporation', 'privada', 'media superior', 'District of Columbia', 'Washington', 'Brown', '11870', '14937', '45-7693-9096');
insert into escuela(razonSocial, tipo, nivel, estado, municipio, calle, numero, cp, telefonoContacto) values('Atlantic Coast Financial Corporation', 'privada', 'primaria', 'Colorado', 'Boulder', 'Dunning', '15', '29497', '62-0289-5733');
insert into escuela(razonSocial, tipo, nivel, estado, municipio, calle, numero, cp, telefonoContacto) values('Blackrock MuniVest Fund II, Inc.', 'privada', 'media superior', 'Texas', 'Houston', 'Annamark', '09', '42352', '59-6137-2395');
insert into escuela(razonSocial, tipo, nivel, estado, municipio, calle, numero, cp, telefonoContacto) values('XO Group, Inc.', 'publica', 'superior', 'Tennessee', 'Memphis', 'Anzinger', '86', '48435', '25-5768-3376');
insert into escuela(razonSocial, tipo, nivel, estado, municipio, calle, numero, cp, telefonoContacto) values('Forrester Research, Inc.', 'publica', 'superior', 'Texas', 'El Paso', 'Elka', '719', '74076', '11-5333-5395');
insert into escuela(razonSocial, tipo, nivel, estado, municipio, calle, numero, cp, telefonoContacto) values('Entergy Texas Inc', 'privada', 'primaria', 'California', 'Chula Vista', 'Del Sol', '50', '93206', '65-1632-1912');
insert into escuela(razonSocial, tipo, nivel, estado, municipio, calle, numero, cp, telefonoContacto) values('F.N.B. Corporation', 'publica', 'secundaria', 'California', 'Whittier', 'Susan', '9', '58559', '89-9506-3496');
insert into escuela(razonSocial, tipo, nivel, estado, municipio, calle, numero, cp, telefonoContacto) values('PHI, Inc.', 'privada', 'secundaria', 'Texas', 'Houston', 'Hanover', '89057', '42839', '69-3439-3239');
insert into escuela(razonSocial, tipo, nivel, estado, municipio, calle, numero, cp, telefonoContacto) values('Safe Bulkers, Inc', 'publica', 'primaria', 'Texas', 'Waco', 'Talisman', '4', '63936', '67-8468-1579');
insert into escuela(razonSocial, tipo, nivel, estado, municipio, calle, numero, cp, telefonoContacto) values('Origo Acquisition Corporation', 'privada', 'preescolar', 'California', 'Orange', 'Kingsford', '41', '83978', '30-4746-6147');
insert into escuela(razonSocial, tipo, nivel, estado, municipio, calle, numero, cp, telefonoContacto) values('Premier, Inc.', 'publica', 'secundaria', 'Tennessee', 'Chattanooga', 'Jana', '963', '44471', '03-6742-2243');

insert into aseguradora (razonSocialAseguradora) values ('IXYS Corporation');
insert into aseguradora (razonSocialAseguradora) values ('Capital One Financial Corporation');
insert into aseguradora (razonSocialAseguradora) values ('Nuveen Intermediate Duration Municipal Term Fund');
insert into aseguradora (razonSocialAseguradora) values ('FlexShares STOXX US ESG Impact Index Fund');
insert into aseguradora (razonSocialAseguradora) values ('Easterly Acquisition Corp.');
insert into aseguradora (razonSocialAseguradora) values ('Smith Micro Software, Inc.');
insert into aseguradora (razonSocialAseguradora) values ('Sigma Labs, Inc.');
insert into aseguradora (razonSocialAseguradora) values ('Apollo Commercial Real Estate Finance');
insert into aseguradora (razonSocialAseguradora) values ('ING Group, N.V.');
insert into aseguradora (razonSocialAseguradora) values ('Ship Finance International Limited');
insert into aseguradora (razonSocialAseguradora) values ('Senomyx, Inc.');
insert into aseguradora (razonSocialAseguradora) values ('Zebra Technologies Corporation');
insert into aseguradora (razonSocialAseguradora) values ('PIMCO New York Municipal Income Fund III');
insert into aseguradora (razonSocialAseguradora) values ('Five Prime Therapeutics, Inc.');
insert into aseguradora (razonSocialAseguradora) values ('Cedar Realty Trust, Inc.');
insert into aseguradora (razonSocialAseguradora) values ('Marriot Vacations Worldwide Corporation');
insert into aseguradora (razonSocialAseguradora) values ('CIRCOR International, Inc.');
insert into aseguradora (razonSocialAseguradora) values ('Alpine Total Dynamic Dividend Fund');
insert into aseguradora (razonSocialAseguradora) values ('Teva Pharmaceutical Industries Limited');
insert into aseguradora (razonSocialAseguradora) values ('Orion Energy Systems, Inc.');

insert into director(idAcademico, razonSocial, numTrabajador, rfc, cedProfesional, esActivo, nombre, paterno, materno, fechaNacimiento, nombreArchivoFoto, correo, celular, sueldo, bono, fechaInicio, fechaFin, periodo) values(1, 'Masonite International Corporation', 2000, 'VHQZ9259549P8', '24119956', false, 'Cinda Claw', 'Claw', 'Cinda', '12/12/1996', 'vmfthey.jpg', 'cclaw0@domainmarket.com', '04-5532-4589', 2619.62, 936.36, '2020/05/09', '2021/12/03', '2020-21');
insert into director(idAcademico, razonSocial, numTrabajador, rfc, cedProfesional, esActivo, nombre, paterno, materno, fechaNacimiento, nombreArchivoFoto, correo, celular, sueldo, bono, fechaInicio, fechaFin, periodo) values(2, 'Cornerstone OnDemand, Inc.', 2001, 'PQLY4076672V5', '44557339', false, 'Kingsly Messam', 'Messam', 'Kingsly', '11/12/1999', 'sprgbln.jpg', 'kmessam1@huffingtonpost.com', '09-0182-8008', 3823.96, 907.93, '2020/04/18', '2020/12/09', '2020-20');
insert into director(idAcademico, razonSocial, numTrabajador, rfc, cedProfesional, esActivo, nombre, paterno, materno, fechaNacimiento, nombreArchivoFoto, correo, celular, sueldo, bono, fechaInicio, fechaFin, periodo) values(3, 'Dorian LPG Ltd.', 2002, 'MXML9893871N1', '54830317', true, 'Alma Jolliff', 'Jolliff', 'Alma', '7/25/1999', 'rapffnr.jpg', 'ajolliff2@disqus.com', '42-1747-2170', 4573.2, 924.07, '2020/03/01', '2020/09/16', '2020-20');
insert into director(idAcademico, razonSocial, numTrabajador, rfc, cedProfesional, esActivo, nombre, paterno, materno, fechaNacimiento, nombreArchivoFoto, correo, celular, sueldo, bono, fechaInicio, fechaFin, periodo) values(4, 'SeaSpine Holdings Corporation', 2003, 'RPYZ4955565F5', '73866287', true, 'Sal Tomaskunas', 'Tomaskunas', 'Sal', '4/24/1998', 'xmcfbhy.jpg', 'stomaskunas3@sitemeter.com', '26-6194-9748', 1726.82, 913.54, '2020/02/08', '2021/12/27', '2020-21');
insert into director(idAcademico, razonSocial, numTrabajador, rfc, cedProfesional, esActivo, nombre, paterno, materno, fechaNacimiento, nombreArchivoFoto, correo, celular, sueldo, bono, fechaInicio, fechaFin, periodo) values(5, 'VTTI Energy Partners LP', 2004, 'XTOL4752973I2', '32730170', false, 'Brad Bartak', 'Bartak', 'Brad', '4/3/1996', 'llbmkyb.jpg', 'bbartak4@macromedia.com', '67-2095-3762', 2771.44, 906.9, '2020/03/21', '2020/12/10', '2020-20');
insert into director(idAcademico, razonSocial, numTrabajador, rfc, cedProfesional, esActivo, nombre, paterno, materno, fechaNacimiento, nombreArchivoFoto, correo, celular, sueldo, bono, fechaInicio, fechaFin, periodo) values(6, 'Citrix Systems, Inc.', 2005, 'COIN7908743L5', '41806285', false, 'Jaclyn Padbery', 'Padbery', 'Jaclyn', '10/28/1996', 'nsumivh.jpg', 'jpadbery5@zdnet.com', '05-6625-5224', 1229.63, 932.71, '2020/02/06', '2021/12/17', '2020-21');
insert into director(idAcademico, razonSocial, numTrabajador, rfc, cedProfesional, esActivo, nombre, paterno, materno, fechaNacimiento, nombreArchivoFoto, correo, celular, sueldo, bono, fechaInicio, fechaFin, periodo) values(7, 'Principal Real Estate Income Fund', 2006, 'HZRN1763018D3', '57898273', false, 'Jordain Fredi', 'Fredi', 'Jordain', '5/17/1999', 'dncoqfw.jpg', 'jfredi6@bing.com', '72-7251-0288', 3918.77, 962.52, '2020/03/05', '2021/10/04', '2020-21');
insert into director(idAcademico, razonSocial, numTrabajador, rfc, cedProfesional, esActivo, nombre, paterno, materno, fechaNacimiento, nombreArchivoFoto, correo, celular, sueldo, bono, fechaInicio, fechaFin, periodo) values(8, 'iShares MSCI USA ESG Optimized ETF', 2007, 'HHBO4271696R8', '26523539', false, 'Rozanne Small', 'Small', 'Rozanne', '5/21/1998', 'pyqtpjp.jpg', 'rsmall7@last.fm', '58-0198-7272', 3672.39, 923.92, '2020/04/04', '2020/08/12', '2020-20');
insert into director(idAcademico, razonSocial, numTrabajador, rfc, cedProfesional, esActivo, nombre, paterno, materno, fechaNacimiento, nombreArchivoFoto, correo, celular, sueldo, bono, fechaInicio, fechaFin, periodo) values(9, 'Vonage Holdings Corp.', 2008, 'YLMK3489649D8', '51170259', false, 'Hebert Tocqueville', 'Tocqueville', 'Hebert', '3/4/1996', 'khsdpkn.jpg', 'htocqueville8@foxnews.com', '06-7524-7188', 3578.77, 985.16, '2020/06/05', '2020/08/02', '2020-20');
insert into director(idAcademico, razonSocial, numTrabajador, rfc, cedProfesional, esActivo, nombre, paterno, materno, fechaNacimiento, nombreArchivoFoto, correo, celular, sueldo, bono, fechaInicio, fechaFin, periodo) values(10, 'Torchmark Corporation', 2009, 'YDUE9414355R7', '97039943', true, 'Lyndy Morratt', 'Morratt', 'Lyndy', '8/9/1997', 'lrmumny.jpg', 'lmorratt9@ebay.com', '55-0848-7308', 3927.09, 930.22, '2020/04/23', '2020/08/28', '2020-20');
insert into director(idAcademico, razonSocial, numTrabajador, rfc, cedProfesional, esActivo, nombre, paterno, materno, fechaNacimiento, nombreArchivoFoto, correo, celular, sueldo, bono, fechaInicio, fechaFin, periodo) values(11, 'Atlantic Coast Financial Corporation', 2010, 'SOHA3025443Y8', '95999233', false, 'Hugibert Sweatman', 'Sweatman', 'Hugibert', '4/13/1999', 'bvmmzlo.jpg', 'hsweatmana@ucla.edu', '66-5299-4317', 6253.49, 996.7, '2020/03/22', '2021/12/16', '2020-21');
insert into director(idAcademico, razonSocial, numTrabajador, rfc, cedProfesional, esActivo, nombre, paterno, materno, fechaNacimiento, nombreArchivoFoto, correo, celular, sueldo, bono, fechaInicio, fechaFin, periodo) values(12, 'Blackrock MuniVest Fund II, Inc.', 2011, 'XEGJ7424932F4', '06660927', false, 'Hogan Legonidec', 'Legonidec', 'Hogan', '11/5/1996', 'mohjnnk.jpg', 'hlegonidecb@europa.eu', '75-8698-0353', 3694.65, 906.52, '2020/06/15', '2020/09/10', '2020-20');
insert into director(idAcademico, razonSocial, numTrabajador, rfc, cedProfesional, esActivo, nombre, paterno, materno, fechaNacimiento, nombreArchivoFoto, correo, celular, sueldo, bono, fechaInicio, fechaFin, periodo) values(13, 'XO Group, Inc.', 2012, 'IDVN3515193C7', '07261055', true, 'Tybi Godwyn', 'Godwyn', 'Tybi', '2/13/1995', 'mayizne.jpg', 'tgodwync@economist.com', '26-3173-8433', 4804.62, 930.21, '2020/01/10', '2020/08/17', '2020-20');
insert into director(idAcademico, razonSocial, numTrabajador, rfc, cedProfesional, esActivo, nombre, paterno, materno, fechaNacimiento, nombreArchivoFoto, correo, celular, sueldo, bono, fechaInicio, fechaFin, periodo) values(14, 'Forrester Research, Inc.', 2013, 'RVIS3754689C4', '43269988', false, 'Yehudit Copping', 'Copping', 'Yehudit', '7/17/1996', 'dqveeyi.jpg', 'ycoppingd@cmu.edu', '87-9661-3940', 1278.85, 960.75, '2020/04/22', '2020/11/16', '2020-20');
insert into director(idAcademico, razonSocial, numTrabajador, rfc, cedProfesional, esActivo, nombre, paterno, materno, fechaNacimiento, nombreArchivoFoto, correo, celular, sueldo, bono, fechaInicio, fechaFin, periodo) values(15, 'Entergy Texas Inc', 2014, 'IDND1350816Q0', '34143984', false, 'Zorana Hodjetts', 'Hodjetts', 'Zorana', '8/26/1996', 'rfrgdgh.jpg', 'zhodjettse@technorati.com', '81-7460-9501', 2150.26, 936.92, '2020/05/03', '2021/07/17', '2020-21');
insert into director(idAcademico, razonSocial, numTrabajador, rfc, cedProfesional, esActivo, nombre, paterno, materno, fechaNacimiento, nombreArchivoFoto, correo, celular, sueldo, bono, fechaInicio, fechaFin, periodo) values(16, 'F.N.B. Corporation', 2015, 'UNLW8958769G5', '93737341', true, 'Nert Purcell', 'Purcell', 'Nert', '4/27/1998', 'vxrrmwa.jpg', 'npurcellf@blogspot.com', '73-9497-6644', 5505.34, 974.11, '2020/04/19', '2021/09/11', '2020-21');
insert into director(idAcademico, razonSocial, numTrabajador, rfc, cedProfesional, esActivo, nombre, paterno, materno, fechaNacimiento, nombreArchivoFoto, correo, celular, sueldo, bono, fechaInicio, fechaFin, periodo) values(17, 'PHI, Inc.', 2016, 'AJIP0175882T2', '25354383', true, 'Mathian Cookson', 'Cookson', 'Mathian', '7/14/1995', 'skhtqqq.jpg', 'mcooksong@nyu.edu', '51-6386-0969', 3038.6, 999.08, '2020/01/28', '2021/11/25', '2020-21');
insert into director(idAcademico, razonSocial, numTrabajador, rfc, cedProfesional, esActivo, nombre, paterno, materno, fechaNacimiento, nombreArchivoFoto, correo, celular, sueldo, bono, fechaInicio, fechaFin, periodo) values(18, 'Safe Bulkers, Inc', 2017, 'JIIW2004464G3', '17767210', false, 'Oby Columbine', 'Columbine', 'Oby', '3/13/1995', 'eyfreat.jpg', 'ocolumbineh@wired.com', '14-6118-7422', 6380.89, 909.22, '2020/01/25', '2020/09/27', '2020-20');
insert into director(idAcademico, razonSocial, numTrabajador, rfc, cedProfesional, esActivo, nombre, paterno, materno, fechaNacimiento, nombreArchivoFoto, correo, celular, sueldo, bono, fechaInicio, fechaFin, periodo) values(19, 'Origo Acquisition Corporation', 2018, 'HWEV9550944N7', '33373931', false, 'Marjorie Boules', 'Boules', 'Marjorie', '10/1/1997', 'ftkcwxb.jpg', 'mboulesi@sitemeter.com', '70-4066-7224', 6457.98, 986.17, '2020/06/07', '2021/09/02', '2020-21');
insert into director(idAcademico, razonSocial, numTrabajador, rfc, cedProfesional, esActivo, nombre, paterno, materno, fechaNacimiento, nombreArchivoFoto, correo, celular, sueldo, bono, fechaInicio, fechaFin, periodo) values(20, 'Premier, Inc.', 2019, 'ZKBW3995696G6', '13107888', true, 'Luz Rubens', 'Rubens', 'Luz', '10/26/1994', 'urjvmvt.jpg', 'lrubensj@technorati.com', '63-0267-0506', 2153.79, 979.41, '2020/03/07', '2021/10/12', '2020-21');

insert into seguro(idSeguro, razonSocialAseguradora, razonSocial, nombre, costo, cobertura) values(1, 'IXYS Corporation', 'Masonite International Corporation', 'Tagtune', 2758, 'Lorem Ipsum is simply dummy text of the printing and typesetting industry.');
insert into seguro(idSeguro, razonSocialAseguradora, razonSocial, nombre, costo, cobertura) values(2, 'Capital One Financial Corporation', 'Cornerstone OnDemand, Inc.', 'Gabcube', 4989, 'Lorem Ipsum is simply dummy text of the printing and typesetting industry.');
insert into seguro(idSeguro, razonSocialAseguradora, razonSocial, nombre, costo, cobertura) values(3, 'Nuveen Intermediate Duration Municipal Term Fund', 'Dorian LPG Ltd.', 'Realblab', 5213, 'Lorem Ipsum is simply dummy text of the printing and typesetting industry.');
insert into seguro(idSeguro, razonSocialAseguradora, razonSocial, nombre, costo, cobertura) values(4, 'FlexShares STOXX US ESG Impact Index Fund', 'SeaSpine Holdings Corporation', 'Pixope', 8176, 'Lorem Ipsum is simply dummy text of the printing and typesetting industry.');
insert into seguro(idSeguro, razonSocialAseguradora, razonSocial, nombre, costo, cobertura) values(5, 'Easterly Acquisition Corp.', 'VTTI Energy Partners LP', 'Dynava', 6824, 'Lorem Ipsum is simply dummy text of the printing and typesetting industry.');
insert into seguro(idSeguro, razonSocialAseguradora, razonSocial, nombre, costo, cobertura) values(6, 'Smith Micro Software, Inc.', 'Citrix Systems, Inc.', 'Twitterworks', 9522, 'Lorem Ipsum is simply dummy text of the printing and typesetting industry.');
insert into seguro(idSeguro, razonSocialAseguradora, razonSocial, nombre, costo, cobertura) values(7, 'Sigma Labs, Inc.', 'Principal Real Estate Income Fund', 'Quinu', 3526, 'Lorem Ipsum is simply dummy text of the printing and typesetting industry.');
insert into seguro(idSeguro, razonSocialAseguradora, razonSocial, nombre, costo, cobertura) values(8, 'Apollo Commercial Real Estate Finance', 'iShares MSCI USA ESG Optimized ETF', 'Eadel', 9428, 'Lorem Ipsum is simply dummy text of the printing and typesetting industry.');
insert into seguro(idSeguro, razonSocialAseguradora, razonSocial, nombre, costo, cobertura) values(9, 'ING Group, N.V.', 'Vonage Holdings Corp.', 'Vidoo', 8200, 'Lorem Ipsum is simply dummy text of the printing and typesetting industry.');
insert into seguro(idSeguro, razonSocialAseguradora, razonSocial, nombre, costo, cobertura) values(10, 'Ship Finance International Limited', 'Torchmark Corporation', 'Gabcube', 5031, 'Lorem Ipsum is simply dummy text of the printing and typesetting industry.');
insert into seguro(idSeguro, razonSocialAseguradora, razonSocial, nombre, costo, cobertura) values(11, 'Senomyx, Inc.', 'Atlantic Coast Financial Corporation','Blogspan', 6885, 'Lorem Ipsum is simply dummy text of the printing and typesetting industry.');
insert into seguro(idSeguro, razonSocialAseguradora, razonSocial, nombre, costo, cobertura) values(12, 'Zebra Technologies Corporation', 'Blackrock MuniVest Fund II, Inc.', 'Jatri', 2669, 'Lorem Ipsum is simply dummy text of the printing and typesetting industry.');
insert into seguro(idSeguro, razonSocialAseguradora, razonSocial, nombre, costo, cobertura) values(13, 'PIMCO New York Municipal Income Fund III', 'XO Group, Inc.', 'Yakidoo', 5492, 'Lorem Ipsum is simply dummy text of the printing and typesetting industry.');
insert into seguro(idSeguro, razonSocialAseguradora, razonSocial, nombre, costo, cobertura) values(14, 'Five Prime Therapeutics, Inc.', 'Forrester Research, Inc.', 'Skipstorm', 5620, 'Lorem Ipsum is simply dummy text of the printing and typesetting industry.');
insert into seguro(idSeguro, razonSocialAseguradora, razonSocial, nombre, costo, cobertura) values(15, 'Cedar Realty Trust, Inc.', 'Entergy Texas Inc', 'Rhybox', 7553, 'Lorem Ipsum is simply dummy text of the printing and typesetting industry.');
insert into seguro(idSeguro, razonSocialAseguradora, razonSocial, nombre, costo, cobertura) values(16, 'Marriot Vacations Worldwide Corporation', 'F.N.B. Corporation', 'Ozu', 5853, 'Lorem Ipsum is simply dummy text of the printing and typesetting industry.');
insert into seguro(idSeguro, razonSocialAseguradora, razonSocial, nombre, costo, cobertura) values(17, 'CIRCOR International, Inc.', 'PHI, Inc.', 'Feedbug', 6671, 'Lorem Ipsum is simply dummy text of the printing and typesetting industry.');
insert into seguro(idSeguro, razonSocialAseguradora, razonSocial, nombre, costo, cobertura) values(18, 'Alpine Total Dynamic Dividend Fund', 'Safe Bulkers, Inc', 'Avamba', 1749, 'Lorem Ipsum is simply dummy text of the printing and typesetting industry.');
insert into seguro(idSeguro, razonSocialAseguradora, razonSocial, nombre, costo, cobertura) values(19, 'Teva Pharmaceutical Industries Limited', 'Origo Acquisition Corporation', 'Thoughtbeat', 3905, 'Lorem Ipsum is simply dummy text of the printing and typesetting industry.');
insert into seguro(idSeguro, razonSocialAseguradora, razonSocial, nombre, costo, cobertura) values(20, 'Orion Energy Systems, Inc.', 'Premier, Inc.', 'Oloo', 6870, 'Lorem Ipsum is simply dummy text of the printing and typesetting industry.');

insert into grupo (idGrupo, razonSocial, idAcademico, grado, cupo) values (1,  'Masonite International Corporation', 1, 'superior', 48);
insert into grupo (idGrupo, razonSocial, idAcademico, grado, cupo) values (2,  'Cornerstone OnDemand, Inc.', 2, 'primaria', 51);
insert into grupo (idGrupo, razonSocial, idAcademico, grado, cupo) values (3,  'Dorian LPG Ltd.', 3, 'secundaria', 55);
insert into grupo (idGrupo, razonSocial, idAcademico, grado, cupo) values (4,  'SeaSpine Holdings Corporation', 4, 'primaria', 37);
insert into grupo (idGrupo, razonSocial, idAcademico, grado, cupo) values (5,  'VTTI Energy Partners LP', 5, 'media superior', 32);
insert into grupo (idGrupo, razonSocial, idAcademico, grado, cupo) values (6,  'Citrix Systems, Inc.', 6, 'media superior', 51);
insert into grupo (idGrupo, razonSocial, idAcademico, grado, cupo) values (7,  'Principal Real Estate Income Fund', 7, 'preescolar', 56);
insert into grupo (idGrupo, razonSocial, idAcademico, grado, cupo) values (8,  'iShares MSCI USA ESG Optimized ETF', 8, 'preescolar', 44);
insert into grupo (idGrupo, razonSocial, idAcademico, grado, cupo) values (9,  'Vonage Holdings Corp.', 9, 'secundaria', 32);
insert into grupo (idGrupo, razonSocial, idAcademico, grado, cupo) values (10, 'Torchmark Corporation', 10, 'media superior', 58);
insert into grupo (idGrupo, razonSocial, idAcademico, grado, cupo) values (11, 'Atlantic Coast Financial Corporation', 11, 'primaria', 42);
insert into grupo (idGrupo, razonSocial, idAcademico, grado, cupo) values (12, 'Blackrock MuniVest Fund II, Inc.', 12, 'media superior', 42);
insert into grupo (idGrupo, razonSocial, idAcademico, grado, cupo) values (13, 'XO Group, Inc.', 13, 'superior', 55);
insert into grupo (idGrupo, razonSocial, idAcademico, grado, cupo) values (14, 'Forrester Research, Inc.', 14, 'superior', 58);
insert into grupo (idGrupo, razonSocial, idAcademico, grado, cupo) values (15, 'Entergy Texas Inc', 15, 'primaria', 31);
insert into grupo (idGrupo, razonSocial, idAcademico, grado, cupo) values (16, 'F.N.B. Corporation', 16, 'secundaria', 37);
insert into grupo (idGrupo, razonSocial, idAcademico, grado, cupo) values (17, 'PHI, Inc.', 17, 'secundaria', 54);
insert into grupo (idGrupo, razonSocial, idAcademico, grado, cupo) values (18, 'Safe Bulkers, Inc', 18, 'primaria', 51);
insert into grupo (idGrupo, razonSocial, idAcademico, grado, cupo) values (19, 'Origo Acquisition Corporation', 19, 'preescolar', 47);
insert into grupo (idGrupo, razonSocial, idAcademico, grado, cupo) values (20, 'Premier, Inc.', 20, 'secundaria', 38);

insert into alumno (idAlumno, razonSocial, idGrupo, curp, nombre, paterno, materno, fechaNacimiento, nombreArchivoFoto, promedio, contactoEmergencia, corriente, cuota, fecha) values (1, 'Masonite International Corporation', 1, 'PAII997518BAMDEKQ6', 'Winnie', 'Surmeyer', 'Fillery', '1990-09-13', 'kmsrb64.jpg', 6.75, '44-3529-4065', true, 1990, '2021/08/16');
insert into alumno (idAlumno, razonSocial, idGrupo, curp, nombre, paterno, materno, fechaNacimiento, nombreArchivoFoto, promedio, contactoEmergencia, corriente, cuota, fecha) values (2, 'Cornerstone OnDemand, Inc.', 2, 'PFHH685188BAPYTLE7', 'Christan', 'Henzley', 'Tacker', '1992-08-29', 'ccuuu72.jpg', 7.36, '79-7054-0262', null, 0, null);
insert into alumno (idAlumno, razonSocial, idGrupo, curp, nombre, paterno, materno, fechaNacimiento, nombreArchivoFoto, promedio, contactoEmergencia, corriente, cuota, fecha) values (3, 'Dorian LPG Ltd.', 3, 'ZBDE260672UGPIAPB9', 'Zacherie', 'Kirk', 'Winfrey', '1992-11-11', 'brvjm67.jpg', 8.08, '54-3437-8528', null, 0, null);
insert into alumno (idAlumno, razonSocial, idGrupo, curp, nombre, paterno, materno, fechaNacimiento, nombreArchivoFoto, promedio, contactoEmergencia, corriente, cuota, fecha) values (4, 'SeaSpine Holdings Corporation', 4, 'CBDE959667DONUDXF9', 'Germana', 'Decker', 'Shortt', '1995-06-11', 'iifhf91.jpg', 5.72, '20-4799-4400', true, 2496, '2021/08/02');
insert into alumno (idAlumno, razonSocial, idGrupo, curp, nombre, paterno, materno, fechaNacimiento, nombreArchivoFoto, promedio, contactoEmergencia, corriente, cuota, fecha) values (5, 'VTTI Energy Partners LP', 5, 'AUOT983452QZXXMJH7', 'Staci', 'Frosch', 'Alleway', '1991-03-10', 'jvofc97.jpg', 5.52, '18-0478-0691', false, 1829, '2021/08/15');
insert into alumno (idAlumno, razonSocial, idGrupo, curp, nombre, paterno, materno, fechaNacimiento, nombreArchivoFoto, promedio, contactoEmergencia, corriente, cuota, fecha) values (6, 'Citrix Systems, Inc.', 6, 'QSKF130358MIRTUEO8', 'Virginie', 'Francecione', 'Davidsohn', '1994-09-26', 'zmumh36.jpg', 8.19, '18-9939-0491', null, 0, null);
insert into alumno (idAlumno, razonSocial, idGrupo, curp, nombre, paterno, materno, fechaNacimiento, nombreArchivoFoto, promedio, contactoEmergencia, corriente, cuota, fecha) values (7, 'Principal Real Estate Income Fund', 7, 'ASPC704637DJRWMBO3', 'Kala', 'Marshfield', 'Noddle', '1999-02-01', 'cgleo09.jpg', 6.31, '93-7366-7220', false, 1515, '2021/08/23');
insert into alumno (idAlumno, razonSocial, idGrupo, curp, nombre, paterno, materno, fechaNacimiento, nombreArchivoFoto, promedio, contactoEmergencia, corriente, cuota, fecha) values (8, 'iShares MSCI USA ESG Optimized ETF', 8, 'DZZQ004354PMFBQRE1', 'Waverly', 'Vecard', 'Chatt', '1991-07-17', 'rhfvm38.jpg', 5.95, '76-0098-1933', null, 0, null);
insert into alumno (idAlumno, razonSocial, idGrupo, curp, nombre, paterno, materno, fechaNacimiento, nombreArchivoFoto, promedio, contactoEmergencia, corriente, cuota, fecha) values (9, 'Vonage Holdings Corp.', 9, 'ATPF484648BTSDPTK7', 'Shellie', 'Gabrieli', 'Matthewman', '1995-03-27', 'hngqa67.jpg', 7.74, '60-1217-3734', true, 2583, '2021/08/15');
insert into alumno (idAlumno, razonSocial, idGrupo, curp, nombre, paterno, materno, fechaNacimiento, nombreArchivoFoto, promedio, contactoEmergencia, corriente, cuota, fecha) values (10, 'Torchmark Corporation', 10, 'IXLB894799GFOOLQM7', 'Shelley', 'Carbonell', 'Scholz', '1999-04-03', 'tiooc52.jpg', 8.13, '67-6244-2691', true, 2344, '2021/08/18');
insert into alumno (idAlumno, razonSocial, idGrupo, curp, nombre, paterno, materno, fechaNacimiento, nombreArchivoFoto, promedio, contactoEmergencia, corriente, cuota, fecha) values (11, 'Atlantic Coast Financial Corporation', 11, 'UNVH532433YDBVAVL6', 'Mike', 'Gheorghescu', 'Matantsev', '1999-04-06', 'aickx30.jpg', 6.36, '92-0393-0247', true, 2642, '2021/08/28');
insert into alumno (idAlumno, razonSocial, idGrupo, curp, nombre, paterno, materno, fechaNacimiento, nombreArchivoFoto, promedio, contactoEmergencia, corriente, cuota, fecha) values (12, 'Blackrock MuniVest Fund II, Inc.', 12, 'QPLH715042GOBSMAX3', 'Herb', 'Scandwright', 'Yesipov', '1995-01-01', 'egwkq56.jpg', 5.72, '31-9250-5058', false, 2270, '2021/08/14');
insert into alumno (idAlumno, razonSocial, idGrupo, curp, nombre, paterno, materno, fechaNacimiento, nombreArchivoFoto, promedio, contactoEmergencia, corriente, cuota, fecha) values (13, 'XO Group, Inc.', 13, 'AGJQ787766DSUHYRI4', 'Loise', 'MacFarland', 'Sowley', '1997-04-14', 'cowcn49.jpg', 6.72, '48-2184-9743', null, 0, null);
insert into alumno (idAlumno, razonSocial, idGrupo, curp, nombre, paterno, materno, fechaNacimiento, nombreArchivoFoto, promedio, contactoEmergencia, corriente, cuota, fecha) values (14, 'Forrester Research, Inc.', 14, 'QVOE809608OQELHPN0', 'Nessa', 'Nisco', 'Hazeldene', '1990-09-17', 'wquiv01.jpg', 5.82, '81-1549-7264', null, 0, null);
insert into alumno (idAlumno, razonSocial, idGrupo, curp, nombre, paterno, materno, fechaNacimiento, nombreArchivoFoto, promedio, contactoEmergencia, corriente, cuota, fecha) values (15, 'Entergy Texas Inc', 15, 'IIBX365194FRZXKAE7', 'Kinsley', 'Renachowski', 'Chrichton', '2000-03-11', 'htror03.jpg', 9.56, '31-0963-8351', true, 2947, '2021/08/06');
insert into alumno (idAlumno, razonSocial, idGrupo, curp, nombre, paterno, materno, fechaNacimiento, nombreArchivoFoto, promedio, contactoEmergencia, corriente, cuota, fecha) values (16, 'F.N.B. Corporation', 16, 'TVEN502515QAHPXZG4', 'Powell', 'Basire', 'Slorance', '1990-10-27', 'jayzz19.jpg', 6.5, '20-0694-9959', null, 0, null);
insert into alumno (idAlumno, razonSocial, idGrupo, curp, nombre, paterno, materno, fechaNacimiento, nombreArchivoFoto, promedio, contactoEmergencia, corriente, cuota, fecha) values (17, 'PHI, Inc.', 17, 'NQNY227356MPGVSUB1', 'Woodie', 'Twelvetrees', 'Amori', '1999-10-21', 'udpnp49.jpg', 5.95, '11-9780-5574', false, 1687, '2021/08/24');
insert into alumno (idAlumno, razonSocial, idGrupo, curp, nombre, paterno, materno, fechaNacimiento, nombreArchivoFoto, promedio, contactoEmergencia, corriente, cuota, fecha) values (18, 'Safe Bulkers, Inc', 18, 'NBOR796798AGXAUMM1', 'Cart', 'Seager', 'Fincke', '1992-07-30', 'fmybw89.jpg', 9.98, '61-7872-0330', null, 0, null);
insert into alumno (idAlumno, razonSocial, idGrupo, curp, nombre, paterno, materno, fechaNacimiento, nombreArchivoFoto, promedio, contactoEmergencia, corriente, cuota, fecha) values (19, 'Origo Acquisition Corporation', 19, 'GDDR547323SQKIKPQ8', 'Ophelie', 'Meert', 'Prout', '1996-12-13', 'zracs79.jpg', 6.1, '43-3176-8524', true, 2180, '2021/08/02');
insert into alumno (idAlumno, razonSocial, idGrupo, curp, nombre, paterno, materno, fechaNacimiento, nombreArchivoFoto, promedio, contactoEmergencia, corriente, cuota, fecha) values (20, 'Premier, Inc.', 20, 'FNFQ003656HDKRIQE0', 'Read', 'Hattigan', 'McKendry', '1993-11-10', 'ztrio40.jpg', 5.01, '70-9290-3848', null, 0, null);

insert into boleta (idBoleta, idAlumno, idAcademico, materia, grupo, anho, calificacion) values (1, 1, 1, 'Geografia', 555, '2019', 6.69);
insert into boleta (idBoleta, idAlumno, idAcademico, materia, grupo, anho, calificacion) values (2, 2, 2, 'Ciencias Naturales', 555, '2019', 8.37);
insert into boleta (idBoleta, idAlumno, idAcademico, materia, grupo, anho, calificacion) values (3, 3, 3, 'Ciencias Naturales', 666, '2021', 8.33);
insert into boleta (idBoleta, idAlumno, idAcademico, materia, grupo, anho, calificacion) values (4, 4, 4, 'Formación Civica y Etica', 999, '2018', 7.24);
insert into boleta (idBoleta, idAlumno, idAcademico, materia, grupo, anho, calificacion) values (5, 5, 5, 'Formación Civica y Etica', 666, '2020', 7.02);
insert into boleta (idBoleta, idAlumno, idAcademico, materia, grupo, anho, calificacion) values (6, 6, 6, 'Matematicas', 555, '2018', 7.59);
insert into boleta (idBoleta, idAlumno, idAcademico, materia, grupo, anho, calificacion) values (7, 7, 7, 'Educacion fisica', 555, '2018', 7.26);
insert into boleta (idBoleta, idAlumno, idAcademico, materia, grupo, anho, calificacion) values (8, 8, 8, 'Artes', 444, '2018', 6.83);
insert into boleta (idBoleta, idAlumno, idAcademico, materia, grupo, anho, calificacion) values (9, 9, 9, 'Ciencias Naturales', 999, '2018', 6.27);
insert into boleta (idBoleta, idAlumno, idAcademico, materia, grupo, anho, calificacion) values (10, 10, 10, 'Educacion fisica', 999, '2019', 7.4);
insert into boleta (idBoleta, idAlumno, idAcademico, materia, grupo, anho, calificacion) values (11, 11, 11, 'Inglés', 999, '2021', 8.62);
insert into boleta (idBoleta, idAlumno, idAcademico, materia, grupo, anho, calificacion) values (12, 12, 12, 'Artes', 222, '2019', 6.32);
insert into boleta (idBoleta, idAlumno, idAcademico, materia, grupo, anho, calificacion) values (13, 13, 13, 'Ciencias Naturales', 666, '2019', 9.56);
insert into boleta (idBoleta, idAlumno, idAcademico, materia, grupo, anho, calificacion) values (14, 14, 14, 'Artes', 444, '2019', 8.68);
insert into boleta (idBoleta, idAlumno, idAcademico, materia, grupo, anho, calificacion) values (15, 15, 15, 'Ciencias Naturales', 444, '2021', 9.72);
insert into boleta (idBoleta, idAlumno, idAcademico, materia, grupo, anho, calificacion) values (16, 16, 16, 'Inglés', 666, '2018', 9.7);
insert into boleta (idBoleta, idAlumno, idAcademico, materia, grupo, anho, calificacion) values (17, 17, 17, 'Inglés', 444, '2019', 7.15);
insert into boleta (idBoleta, idAlumno, idAcademico, materia, grupo, anho, calificacion) values (18, 18, 18, 'Geografia', 222, '2018', 9.34);
insert into boleta (idBoleta, idAlumno, idAcademico, materia, grupo, anho, calificacion) values (19, 19, 19, 'Artes', 555, '2021', 9.21);
insert into boleta (idBoleta, idAlumno, idAcademico, materia, grupo, anho, calificacion) values (20, 20, 20, 'Formación Civica y Etica', 666, '2021', 8.62);

insert into titular (idAcademico, idGrupo) values (1, 1);
insert into titular (idAcademico, idGrupo) values (2, 2);
insert into titular (idAcademico, idGrupo) values (3, 3);
insert into titular (idAcademico, idGrupo) values (4, 4);
insert into titular (idAcademico, idGrupo) values (5, 5);
insert into titular (idAcademico, idGrupo) values (6, 6);
insert into titular (idAcademico, idGrupo) values (7, 7);
insert into titular (idAcademico, idGrupo) values (8, 8);
insert into titular (idAcademico, idGrupo) values (9, 9);
insert into titular (idAcademico, idGrupo) values (10, 10);
insert into titular (idAcademico, idGrupo) values (11, 11);
insert into titular (idAcademico, idGrupo) values (12, 12);
insert into titular (idAcademico, idGrupo) values (13, 13);
insert into titular (idAcademico, idGrupo) values (14, 14);
insert into titular (idAcademico, idGrupo) values (15, 15);
insert into titular (idAcademico, idGrupo) values (16, 16);
insert into titular (idAcademico, idGrupo) values (17, 17);
insert into titular (idAcademico, idGrupo) values (18, 18);
insert into titular (idAcademico, idGrupo) values (19, 19);
insert into titular (idAcademico, idGrupo) values (20, 20);

insert into laborar (razonSocial, idAcademico) values ('Masonite International Corporation', 1);
insert into laborar (razonSocial, idAcademico) values ('Cornerstone OnDemand, Inc.', 2);
insert into laborar (razonSocial, idAcademico) values ('Dorian LPG Ltd.', 3);
insert into laborar (razonSocial, idAcademico) values ('SeaSpine Holdings Corporation', 4);
insert into laborar (razonSocial, idAcademico) values ('VTTI Energy Partners LP', 5);
insert into laborar (razonSocial, idAcademico) values ('Citrix Systems, Inc.', 6);
insert into laborar (razonSocial, idAcademico) values ('Principal Real Estate Income Fund', 7);
insert into laborar (razonSocial, idAcademico) values ('iShares MSCI USA ESG Optimized ETF', 8);
insert into laborar (razonSocial, idAcademico) values ('Vonage Holdings Corp.', 9);
insert into laborar (razonSocial, idAcademico) values ('Torchmark Corporation', 10);
insert into laborar (razonSocial, idAcademico) values ('Atlantic Coast Financial Corporation', 11);
insert into laborar (razonSocial, idAcademico) values ('Blackrock MuniVest Fund II, Inc.', 12);
insert into laborar (razonSocial, idAcademico) values ('XO Group, Inc.', 13);
insert into laborar (razonSocial, idAcademico) values ('Forrester Research, Inc.', 14);
insert into laborar (razonSocial, idAcademico) values ('Entergy Texas Inc', 15);
insert into laborar (razonSocial, idAcademico) values ('F.N.B. Corporation', 16);
insert into laborar (razonSocial, idAcademico) values ('PHI, Inc.', 17);
insert into laborar (razonSocial, idAcademico) values ('Safe Bulkers, Inc', 18);
insert into laborar (razonSocial, idAcademico) values ('Origo Acquisition Corporation', 19);
insert into laborar (razonSocial, idAcademico) values ('Premier, Inc.', 20);

insert into pagoMensual (idAlumno, razonSocial, pagoMensual) values (1, 'Masonite International Corporation', 2583);
insert into pagoMensual (idAlumno, razonSocial, pagoMensual) values (4, 'SeaSpine Holdings Corporation', 2991);
insert into pagoMensual (idAlumno, razonSocial, pagoMensual) values (5, 'VTTI Energy Partners LP', 2718);
insert into pagoMensual (idAlumno, razonSocial, pagoMensual) values (7, 'Principal Real Estate Income Fund', 2306);
insert into pagoMensual (idAlumno, razonSocial, pagoMensual) values (9, 'Vonage Holdings Corp.', 1571);
insert into pagoMensual (idAlumno, razonSocial, pagoMensual) values (10, 'Torchmark Corporation', 2091);
insert into pagoMensual (idAlumno, razonSocial, pagoMensual) values (11, 'Atlantic Coast Financial Corporation', 1651);
insert into pagoMensual (idAlumno, razonSocial, pagoMensual) values (12, 'Blackrock MuniVest Fund II, Inc.', 1781);
insert into pagoMensual (idAlumno, razonSocial, pagoMensual) values (15, 'Entergy Texas Inc', 2558);
insert into pagoMensual (idAlumno, razonSocial, pagoMensual) values (17, 'PHI, Inc.', 1655);
insert into pagoMensual (idAlumno, razonSocial, pagoMensual) values (19, 'Origo Acquisition Corporation', 1657);
